Breed,Size class,Adult weight as published,Egg color,Cold or heat hardiness,Laying as published,Source,Source URL,Accessed
Ameraucana,Standard (large fowl),Cock 6½ lb; hen 5½ lb,Blue/pastel,not listed,General-purpose fowl for the production of colored eggs of good quality.,Wisconsin Extension A2880,https://livestock.extension.wisc.edu/articles/chicken-breeds-varieties-a2880/,2026-10-06
Andalusian,Standard (large fowl),Cock 7 lb; hen 5½ lb,White,not listed,Fairly good egg-production potential.,Wisconsin Extension A2880,https://livestock.extension.wisc.edu/articles/chicken-breeds-varieties-a2880/,2026-10-06
Australorp,Standard (large fowl),Cock 8½ lb; hen 6½ lb,Brown,not listed,Generally a very good egg producer. The page says one hen laid 364 eggs in 365 days under official Australian trapnest testing.,Wisconsin Extension A2880,https://livestock.extension.wisc.edu/articles/chicken-breeds-varieties-a2880/,2026-10-06
Belgian Bearded d'Uccle,Bantam,Male 26 oz (737 grams); female 22 oz (624 grams),Cream,not listed,"100-200 eggs per year, depending on whether the hen becomes broody.",Livestock Conservancy,https://livestockconservancy.org/belgian-bearded-duccle-bantam/,2026-10-06
Booted Bantam,Bantam,Male 26 oz (738 grams); female 22 oz (624 grams),"White, cream, or tinted","Characteristics: not cold tolerant. Body text: very hardy and easy to raise, but will need protection from the cold.",not listed,Livestock Conservancy,https://livestockconservancy.org/booted-bantam-chicken/,2026-10-06
Brahma,Standard (large fowl),Cock 12 lb; hen 9½ lb,Brown,Stand cold temperatures very well.,Fair egg layers.,Wisconsin Extension A2880,https://livestock.extension.wisc.edu/articles/chicken-breeds-varieties-a2880/,2026-10-06
Cochin,Standard (large fowl),Cock 11 lb; hen 8½ lb,Brown,not listed,Intense layers for short periods of time.,Wisconsin Extension A2880,https://livestock.extension.wisc.edu/articles/chicken-breeds-varieties-a2880/,2026-10-06
Cornish,Standard (large fowl),Cock 10½ lb; hen 8 lb,Light brown,"Need adequate protection during cold weather, because their feathers offer less insulation than most other chickens.",not listed,Wisconsin Extension A2880,https://livestock.extension.wisc.edu/articles/chicken-breeds-varieties-a2880/,2026-10-06
Faverolle,Standard (large fowl),Cock 8 lb; hen 6½ lb,Light brown,not listed,Winter laying was one of the original purposes of the breed.,Wisconsin Extension A2880,https://livestock.extension.wisc.edu/articles/chicken-breeds-varieties-a2880/,2026-10-06
Hamburg,Standard (large fowl),Cock 5 lb; hen 4 lb,White,not listed,Capable of laying fair numbers of relatively small eggs. Eggs are often very small.,Wisconsin Extension A2880,https://livestock.extension.wisc.edu/articles/chicken-breeds-varieties-a2880/,2026-10-06
Houdan,Standard (large fowl),Cock 8 lb; hen 5½ lb,White,"Feed and water containers should prevent the crest from getting wet and dirty, especially in cold weather.",A good egg producer.,Wisconsin Extension A2880,https://livestock.extension.wisc.edu/articles/chicken-breeds-varieties-a2880/,2026-10-06
Japanese Bantam,Bantam,Male 26 oz (737 grams); female 22 oz (624 grams),Cream,Not cold tolerant. In northern climates they will need supplemental heat to avoid frostbite on combs and wattles.,Lays small cream-colored eggs. Annual rate not listed.,Livestock Conservancy,https://livestockconservancy.org/japanese-bantam-chicken/,2026-10-06
Jersey Giant,Standard (large fowl),Cock 13 lb; hen 10 lb,Brown,not listed,Fairly good layers.,Wisconsin Extension A2880,https://livestock.extension.wisc.edu/articles/chicken-breeds-varieties-a2880/,2026-10-06
Langshan,Standard (large fowl),Cock 9½ lb; hen 7½ lb,Brown,not listed,A general-purpose fowl for the production of meat and eggs.,Wisconsin Extension A2880,https://livestock.extension.wisc.edu/articles/chicken-breeds-varieties-a2880/,2026-10-06
Leghorn,Standard (large fowl),Cock 6 lb; hen 4½ lb,White,not listed,Noted for egg production.,Wisconsin Extension A2880,https://livestock.extension.wisc.edu/articles/chicken-breeds-varieties-a2880/,2026-10-06
Malay,Standard (large fowl),Cock 9 lb; hen 7 lb,Brown,not listed,not listed,Wisconsin Extension A2880,https://livestock.extension.wisc.edu/articles/chicken-breeds-varieties-a2880/,2026-10-06
Maran,Standard (large fowl),Cock 8 lb; hen 6½ lb,Very dark reddish brown,not listed,Mainly prized for extremely dark-colored eggshells. Annual rate not listed.,Wisconsin Extension A2880,https://livestock.extension.wisc.edu/articles/chicken-breeds-varieties-a2880/,2026-10-06
Minorca (Single Comb Black),Standard (large fowl),Cock 9 lb; hen 7½ lb,Chalky white,not listed,Can give a fair return in eggs.,Wisconsin Extension A2880,https://livestock.extension.wisc.edu/articles/chicken-breeds-varieties-a2880/,2026-10-06
Minorca (all other varieties),Standard (large fowl),Cock 8 lb; hen 6½ lb,Chalky white,not listed,Can give a fair return in eggs.,Wisconsin Extension A2880,https://livestock.extension.wisc.edu/articles/chicken-breeds-varieties-a2880/,2026-10-06
Modern Game,Standard (large fowl),Cock 6 lb; hen 4½ lb,White or light tint,Do not stand cold weather well.,not listed,Wisconsin Extension A2880,https://livestock.extension.wisc.edu/articles/chicken-breeds-varieties-a2880/,2026-10-06
Nankin,Bantam,Male 24 oz; female 22 oz,Creamy white,The single comb variety is prone to frostbite. Not the best choice for northern climates.,About 80-100 small white eggs a year.,Livestock Conservancy,https://livestockconservancy.org/nankin-chicken/,2026-10-06
New Hampshire,Standard (large fowl),Cock 8½ lb; hen 6½ lb,Brown,not listed,Fair egg-laying ability.,Wisconsin Extension A2880,https://livestock.extension.wisc.edu/articles/chicken-breeds-varieties-a2880/,2026-10-06
Old English Game,Standard (large fowl),Cock 5 lb; hen 4 lb,White or light tint,not listed,not listed,Wisconsin Extension A2880,https://livestock.extension.wisc.edu/articles/chicken-breeds-varieties-a2880/,2026-10-06
Orpington,Standard (large fowl),Cock 10 lb; hen 8 lb,Brown to dark brown,Feathering allows them to endure cold temperatures better than some other breeds.,A heavy dual-purpose fowl for the production of both meat and eggs.,Wisconsin Extension A2880,https://livestock.extension.wisc.edu/articles/chicken-breeds-varieties-a2880/,2026-10-06
Plymouth Rock,Standard (large fowl),Cock 9½ lb; hen 7½ lb,Brown,not listed,Some strains are good layers while others are bred principally for meat.,Wisconsin Extension A2880,https://livestock.extension.wisc.edu/articles/chicken-breeds-varieties-a2880/,2026-10-06
Polish,Standard (large fowl),Cock 6 lb; hen 4½ lb,White,Ice forming in their crests from drinking water can be a problem in cold weather.,not listed,Wisconsin Extension A2880,https://livestock.extension.wisc.edu/articles/chicken-breeds-varieties-a2880/,2026-10-06
Rhode Island Red,Standard (large fowl),Cock 8½ lb; hen 6½ lb,Brown,not listed,Good rate of lay. Probably the best egg layers of the dual-purpose breeds.,Wisconsin Extension A2880,https://livestock.extension.wisc.edu/articles/chicken-breeds-varieties-a2880/,2026-10-06
Sebright,Bantam,Male 22 oz; female 20 oz,Creamy white,"Do not handle cold and damp well, and do better overall in warm climates.",About 60-80 small eggs per year.,Livestock Conservancy,https://livestockconservancy.org/sebright-chicken/,2026-10-06
Sumatra,Standard (large fowl),Cock 5 lb; hen 4 lb,White or light tint,not listed,not listed,Wisconsin Extension A2880,https://livestock.extension.wisc.edu/articles/chicken-breeds-varieties-a2880/,2026-10-06
Sussex,Standard (large fowl),Cock 9 lb; hen 7 lb,Brown,not listed,A general-purpose breed for producing meat and/or eggs.,Wisconsin Extension A2880,https://livestock.extension.wisc.edu/articles/chicken-breeds-varieties-a2880/,2026-10-06
Welsummer,Standard (large fowl),Cock 7 lb; hen 6 lb,Dark brown,not listed,Will lay a good number of dark-brown eggs.,Wisconsin Extension A2880,https://livestock.extension.wisc.edu/articles/chicken-breeds-varieties-a2880/,2026-10-06
White Faced Black Spanish,Standard (large fowl),Cock 8 lb; hen 6½ lb,Chalky white,not listed,An egg-production bird that has had very little selection for that purpose in recent years.,Wisconsin Extension A2880,https://livestock.extension.wisc.edu/articles/chicken-breeds-varieties-a2880/,2026-10-06
Wyandotte,Standard (large fowl),Cock 8½ lb; hen 6½ lb,Brown,Rose combs do not freeze as easily as single combs.,Use on the page: meat or eggs. Annual rate not listed.,Wisconsin Extension A2880,https://livestock.extension.wisc.edu/articles/chicken-breeds-varieties-a2880/,2026-10-06
